sname,cname
北京北,北京
北京东,北京
北京,北京
北京南,北京
北京西,北京
广州南,广州
重庆北,重庆
重庆,重庆
重庆南,重庆
重庆西,重庆
广州东,广州
上海,上海
上海南,上海
上海虹桥,上海
上海西,上海
天津北,天津
天津,天津
天津南,天津
天津西,天津
香港西九龙,香港
长春,长春
长春南,长春
长春西,长春
成都东,成都
成都南,成都
成都,成都
长沙,长沙
长沙南,长沙
大明湖,济南
福州,福州
福州南,福州
贵阳,贵阳
广州,广州
广州西,广州
哈尔滨,哈尔滨
哈尔滨东,哈尔滨
哈尔滨西,哈尔滨
合肥,合肥
合肥西,合肥
呼和浩特东,土默特左旗
呼和浩特,呼和浩特
海口东,海口
海口,海口
杭州东,杭州
杭州,杭州
杭州南,杭州
济南,济南
济南西,济南
昆明,昆明
昆明西,昆明
拉萨,拉萨
兰州东,兰州
兰州,兰州
兰州西,兰州
南昌,南昌
南京,南京
南京南,南京
南宁,南宁
石家庄北,石家庄
石家庄,石家庄
沈阳,沈阳
沈阳北,沈阳
沈阳东,沈阳
沈阳南,沈阳
太原北,太原
太原东,太原
太原,太原
武汉,武汉
王家营西,昆明
乌鲁木齐,乌鲁木齐
西安北,西安
西安,西安
西安南,西安
西宁,西宁
银川,银川
郑州,郑州
阿尔山,阿尔山
安康,安康
阿克苏,阿克苏
阿里河,鄂伦春自治旗
阿拉山口,阿拉山口
安平,辽阳
安庆,安庆
安顺,安顺
鞍山,鞍山
安阳,安阳
北安,北安
蚌埠,蚌埠
白城,白城
北海,北海
白河,安图县
白涧,涞水县
宝鸡,宝鸡
滨江,哈尔滨
博克图,牙克石
百色,百色
白山市,白山
北台,本溪
包头东,包头
包头,包头
北屯市,阿勒泰
本溪,本溪
白云鄂博,包头
白银西,白银
亳州,亳州
赤壁,赤壁
常德,常德
承德,承德
长甸,宽甸满族自治县
赤峰,赤峰
茶陵,株洲
苍南,温州
昌平,北京
崇仁,崇仁县
昌图,昌图县
长汀镇,海林
曹县,曹县
楚雄南,楚雄
陈相屯,沈阳
长治北,长治
池州,池州
长征,白银
常州,常州
郴州,郴州
长治,长治
沧州,沧州
崇左,崇左
大安北,大安
大成,沈阳
丹东,丹东
东方红,虎林
东莞东,东莞
大虎山,黑山县
敦化,敦化
敦煌,敦煌
德惠,德惠
东京城,宁安
大涧,灵丘县
都江堰,都江堰
大连北,大连
大理,大理
大连,大连
定南,定南县
大庆,大庆
东胜,鄂尔多斯
大石桥,大石桥
大同,大同
东营,东营
大杨树,鄂伦春自治旗
都匀,都匀
邓州,邓州
达州,达州
德州,德州
额济纳,额济纳旗
二连,二连浩特
恩施,恩施
福鼎,福鼎
凤凰机场,三亚
风陵渡,芮城县
涪陵,重庆
富拉尔基,齐齐哈尔
抚顺北,抚顺
佛山,佛山
阜新南,阜新
阜阳,阜阳
格尔木,格尔木
广汉,广汉
古交,古交
桂林北,桂林
古莲,漠河县
桂林,桂林
固始,固始县
广水,广水
干塘,中卫
广元,广元
广州北,广州
赣州,赣州
公主岭,公主岭
公主岭南,公主岭
淮安,淮安
淮北,淮北
鹤北,萝北县
淮滨,淮滨县
河边,定襄县
潢川,潢川县
韩城,韩城
邯郸,邯郸
横道河子,海林
鹤岗,鹤岗
皇姑屯,沈阳
红果,盘州
黑河,黑河
怀化,怀化
汉口,武汉
葫芦岛,葫芦岛
海拉尔,牙克石
霍林郭勒,霍林郭勒
海伦,海伦
侯马,侯马
哈密,哈密
淮南,淮南
桦南,桦南县
海宁西,嘉兴
鹤庆,鹤庆县
怀柔北,北京
怀柔,北京
黄石东,黄石
华山,华阴
黄山,黄山
黄石,大冶
衡水,衡水
衡阳,衡阳
菏泽,菏泽
贺州,贺州
汉中,汉中
惠州,惠州
吉安,吉安
集安,集安
江边村,抚州
晋城,晋城
金城江,河池
景德镇,景德镇
嘉峰,沁水县
加格达奇,大兴安岭
井冈山,井冈山
蛟河,蛟河
金华南,金华
金华,金华
九江,九江
吉林,吉林
荆门,荆门
佳木斯,佳木斯
济宁,济宁
集宁南,乌兰察布
酒泉,酒泉
江山,江山
吉首,湘西土家族苗族自治州
九台,长春
镜铁山,肃南裕固族自治县
鸡西,鸡西
绩溪县,绩溪县
嘉峪关,嘉峪关
江油,江油
蓟州北,天津
金州,大连
锦州,锦州
库尔勒,库尔勒
开封,开封
岢岚,岢岚县
凯里,凯里
喀什,喀什
昆山南,昆山
奎屯,奎屯
开原,开原
六安,六安
灵宝,灵宝
芦潮港,上海
利川,利川
隆昌,隆昌
陆川,陆川县
临川,抚州
潞城,潞城
鹿道,宁安
娄底,娄底
临汾,临汾
良各庄,北京
临河,巴彦淖尔
漯河,漯河
绿化,嘉峪关
隆化,隆化县
丽江,玉龙纳西族自治县
临江,临江
龙井,龙井
吕梁,吕梁
醴陵,醴陵
柳林南,柳林县
滦平,滦平县
六盘水,六盘水
灵丘,灵丘县
旅顺,大连
兰溪,兰溪
陇西,陇西县
澧县,常德
临西,临西县
龙岩,龙岩
耒阳,衡阳
洛阳,洛阳
连云港东,连云港
洛阳东,洛阳
临沂,临沂
洛阳龙门,洛阳
柳园,瓜州县
凌源,凌源
辽源,辽源
立志,大庆
柳州,柳州
辽中,沈阳
麻城,麻城
免渡河,牙克石
牡丹江,牡丹江
莫尔道嘎,额尔古纳
明光,明光
满归,根河
漠河,漠河县
茂名,茂名
茂名西,茂名
密山,密山
马三家,沈阳
麻尾,独山县
绵阳,绵阳
梅州,梅州
满洲里,满洲里
宁波东,宁波
宁波,宁波
南岔,伊春
南充,南充
南丹,南丹县
南大庙,滦平县
南芬,本溪
讷河,讷河
嫩江,嫩江县
内江,内江
南平,南平
南通,南通
南阳,南阳
碾子山,齐齐哈尔
平顶山,平顶山
盘锦,盘锦
平凉,平凉
平凉南,平凉
平泉,平泉
坪石,乐昌
萍乡,萍乡
凭祥,凭祥
郫县西,成都
攀枝花,攀枝花
蕲春,蕲春县
青城山,都江堰
青岛,青岛
清河城,清河县
曲靖,曲靖
黔江,重庆
前进镇,同江
齐齐哈尔,齐齐哈尔
七台河,七台河
沁县,沁县
泉州东,泉州
泉州,泉州
衢州,衢州
融安,融安县
汝箕沟,石嘴山
瑞金,瑞金
日照,日照
双城堡,哈尔滨
绥芬河,绥芬河
韶关东,韶关
山海关,秦皇岛
绥化,绥化
三间房,齐齐哈尔
苏家屯,沈阳
舒兰,舒兰
神木南,神木
三门峡,三门峡
商南,商南县
遂宁,遂宁
四平,四平
商丘,商丘
上饶,上饶
韶山,湘潭
宿松,宿松县
汕头,汕头
邵武,邵武
涉县,涉县
三亚,三亚
邵阳,邵阳
十堰,十堰
三元区,三明
双鸭山,双鸭山
松原,扶余
苏州,苏州
深圳,深圳
宿州,宿州
随州,随州
朔州,朔州
深圳西,深圳
塘豹,通道侗族自治县
塔尔气,牙克石
潼关,潼关县
塘沽,天津
塔河,塔河县
通化,通化
泰来,泰来县
吐鲁番,吐鲁番
通辽,通辽
铁岭,铁岭
陶赖昭,扶余
图们,图们
铜仁,铜仁
唐山北,唐山
田师府,本溪满族自治县
泰山,泰安
唐山,唐山
天水,天水
通远堡,凤城
太阳升,大庆
泰州,泰州
桐梓,桐梓县
通州西,北京
五常,五常
武昌,武汉
瓦房店,瓦房店
威海,威海
芜湖,芜湖
乌海西,乌海
吴家屯,沈阳
乌鲁木齐南,乌鲁木齐
武隆,重庆
乌兰浩特,乌兰浩特
渭南,渭南
威舍,兴义
歪头山,本溪
武威,武威
武威南,武威
无锡,无锡
乌西,乌鲁木齐
乌伊岭,伊春
武夷山,武夷山
万源,万源
万州,重庆
梧州,梧州
温州,温州
温州南,温州
西昌,西昌
许昌,许昌
西昌南,西昌
锡林浩特,锡林浩特
厦门北,厦门
厦门,厦门
厦门高崎,厦门
宣威,宣威
新乡,新乡
信阳,信阳
咸阳,咸阳
襄阳,襄阳
熊岳城,营口
新余,新余
徐州,徐州
延安,延安
宜宾,宜宾
亚布力南,尚志
叶柏寿,建平县
宜昌东,宜昌
永川,重庆
盐城,盐城
宜昌,宜昌
运城,运城
伊春,伊春
榆次,晋中
杨村,天津
宜春西,宜春
伊尔施,阿尔山
燕岗,峨眉山
永济,永济
延吉,延吉
营口,营口
牙克石,牙克石
玉林,玉林
阎良,西安
榆林,榆林
亚龙湾,三亚
一面坡,尚志
伊宁,伊宁
阳平关,宁强县
玉屏,玉屏侗族自治县
原平,原平
延庆,北京
阳泉曲,孝义
玉泉,哈尔滨
阳泉,阳泉
营山,营山县
玉山,玉山县
燕山,北京
榆树,榆树
鹰潭,鹰潭
烟台,烟台
伊图里河,牙克石
玉田县,玉田县
义乌,义乌
阳新,阳新县
义县,义县
益阳,益阳
岳阳,岳阳
崖州,三亚
永州,永州
扬州,扬州
淄博,淄博
镇城底,古交
自贡,自贡
珠海,珠海
珠海北,珠海
湛江,湛江
镇江,镇江
张家界,张家界
张家口,张家口
周口,周口
哲里木,通辽
扎兰屯,扎兰屯
驻马店,驻马店
肇庆,肇庆
周水子,大连
昭通,昭通
中卫,中卫
资阳,资阳
遵义西,遵义
枣庄,枣庄
资中,内江
株洲,株洲
枣庄西,枣庄
昂昂溪,齐齐哈尔
阿城,哈尔滨
安达,安达
安德,成都
安定,北京
安多,安多县
安广,大安
敖汉,赤峰
艾河,涞源县
安化,益阳
艾家村,同心县
安家,五常
阿金,阜新蒙古族自治县
安靖,成都
阿克陶,阿克陶县
安口窑,华亭县
敖力布告,科尔沁左翼中旗
安龙,黔西南布依族苗族自治州
阿龙山,根河
安陆,安陆
阿木尔,漠河县
阿南庄,禄丰县
安庆西,怀宁县
鞍山西,鞍山
安塘,岢岚县
安亭北,上海
阿图什,阿图什
安图,安图县
安溪,安溪县
博鳌,琼海
北碚,重庆
白壁关,孝义
蚌埠南,蚌埠
巴楚,巴楚县
板城,涞水县
北戴河,秦皇岛
保定,保定
宝坻,天津
八达岭,北京
巴东,巴东县
宝丰,宝丰县
柏果,盘州
布海,德惠
白河东,白河县
贲红,察哈尔右翼后旗
宝华山,句容
白河县,白河县
白芨沟,石嘴山
碧鸡关,昆明
北滘,佛山
碧江,佛山
白鸡坡,水城县
笔架山,集贤县
八角台,锦州
保康,科尔沁左翼中旗
白奎堡,哈尔滨
白狼,阿尔山
百浪,南宁
博乐,博乐
宝拉格,察哈尔右翼后旗
巴林,牙克石
宝林,林口县
北流,北流
勃利,勃利县
布列开,伊宁县
宝龙山,科尔沁左翼后旗
百里峡,涞水县
八面城,昌图县
班猫箐,宜良县
八面通,穆棱
北马圈子,承德
北票南,北票
白旗,滦平县
宝泉岭,萝北县
白泉,东丰县
巴山,镇巴县
白水江,略阳县
白沙坡,曲靖
白石山,蛟河
白水镇,曲靖
坂田,深圳
泊头,泊头
北屯,涞源县
本溪湖,本溪
博兴,博兴县
八仙筒,奈曼旗
白音察干,察哈尔右翼后旗
背荫河,五常
北营,太原
巴彦高勒,磴口县
白音他拉,奈曼旗
鲅鱼圈,营口
白银市,白银
白音胡硕,科尔沁右翼中旗
巴中,巴中
霸州,霸州
北宅,北京
赤壁北,赤壁
查布嘎,阿鲁科尔沁旗
长城,景泰县
长冲,祥云县
承德东,承德
赤峰西,赤峰
嵯岗,新巴尔虎左旗
柴岗,农安县
长葛,长葛
柴沟堡,怀安县
城固,城固县
陈官营,兰州
成高子,哈尔滨
草海,威宁彝族回族苗族自治县
柴河,海林
册亨,册亨县
草河口,本溪满族自治县
崔黄口,天津
巢湖,巢湖
蔡家沟,扶余
成吉思汗,扎兰屯
岔江,兴义
蔡家坡,岐山县
昌乐,昌乐县
超梁沟,隆化县
慈利,张家界
昌黎,昌黎县
长岭子,大连
晨明,伊春
长农,中宁县
昌平北,北京
常平,东莞
长坡岭,师宗县
辰清,孙吴县
蔡山,黄梅县
楚山,林口县
长寿,重庆
磁山,武安
苍石,清原满族自治县
草市,清原满族自治县
察素齐,土默特左旗
长山屯,前郭尔罗斯蒙古族自治县
长汀,长汀县
朝天南,广元
昌图西,昌图县
春湾,阳春
磁县,磁县
岑溪,岑溪
辰溪,怀化
磁西,武安
长兴南,长兴县
磁窑,宁阳县
春阳,汪清县
城阳,青岛
创业村,大庆
朝阳川,延吉
朝阳地,围场满族蒙古族自治县
朝阳南,朝阳
长垣,长垣县
朝阳镇,辉南县
滁州北,滁州
常州北,常州
滁州,滁州
潮州,潮州
常庄,济南
曹子里,天津
车转湾,富源县
郴州西,郴州
沧州西,沧县
德安,德安县
大安,大安
大坝,青铜峡
大板,巴林右旗
大巴,阜新蒙古族自治县
电白,茂名
到保,白城
达坂城,乌鲁木齐
定边,定边县
东边井,海伦
德伯斯,科尔沁右翼前旗
打柴沟,天祝藏族自治县
德昌,德昌县
滴道,鸡西
大磴沟,石嘴山
刀尔登,凌源
得耳布尔,根河
杜尔伯特,杜尔伯特蒙古族自治县
东方,东方
丹凤,丹凤县
东丰,东丰县
都格,水城县
大官屯,抚顺
大关,大关县
东光,东光县
东海,鸡东县
大灰厂,北京
大红旗,新民
大禾塘,邵东县
德惠西,德惠
东海县,东海县
达家沟,德惠
东津,绥化
杜家,五常
大口屯,天津
东来,开鲁县
德令哈,德令哈
大陆号,察哈尔右翼后旗
带岭,伊春
大林,通辽
达拉特旗,达拉特旗
独立屯,大庆
豆罗,忻州
达拉特西,达拉特旗
大连西,大连
东明村,奈曼旗
洞庙河,兴隆县
东明县,东明县
大拟,钦州
大平房,朝阳
大盘石,易县
大埔,梅州
大堡,凤城
大庆东,大庆
大其拉哈,牙克石
道清,白山
对青山,哈尔滨
德清西,德清县
大庆西,大庆
东升,中山
砀山,砀山县
独山,独山县
登沙河,大连
读书铺,安宁
大石头,敦化
东胜西,鄂尔多斯
大石寨,科尔沁右翼前旗
东台,东台
定陶,菏泽
灯塔,灯塔
大田边,富源县
东通化,通化
丹徒,镇江
大屯,长春
东湾,靖远县
大武口,石嘴山
低窝铺,玉门
大王滩,南宁
大湾子,元谋县
大兴沟,汪清县
大兴,泰来县
定西,定西
甸心,禄丰县
东乡,抚州
代县,代县
定襄,定襄县
东戌,涉县
东辛庄,兴城
丹阳,丹阳
德阳,德阳
大雁,鄂温克族自治旗
当阳,当阳
丹阳北,丹阳
大英东,大英县
东淤地,繁峙县
大营,繁峙县
定远,定远县
岱岳,山阴县
大元,南宁
大营镇,枣强县
大营子,朝阳
大战场,中宁县
德州东,德州
东至,东至县
低庄,溆浦县
东镇,闻喜县
道州,道县
东庄,繁峙县
兑镇,孝义
豆庄,涉县
定州,定州
大竹园,安康
大杖子,承德县
豆张庄,天津
峨边,峨边彝族自治县
二道沟门,滦平县
二道湾,富裕县
鄂尔多斯,伊金霍洛旗
二龙,宁城县
二龙山屯,五大连池
峨眉,峨眉山
二密河,通化县
恩平,恩平
二营,固原
鄂州,鄂州
福安,福安
丰城,丰城
丰城南,丰城
肥东,合肥
发耳,水城县
富海,富裕县
福海,福海县
凤凰城,凤城
汾河,太原
奉化,宁波
富锦,富锦
范家屯,公主岭
福利区,兰州
福利屯,集贤县
丰乐镇,集贤县
阜南,阜南县
阜宁,阜宁县
抚宁,秦皇岛
福清,福清
福泉,福泉
丰水村,皋兰县
丰顺,梅州
繁峙,繁峙县
抚顺,抚顺
福山口,涞水县
扶绥,扶绥县
冯屯,富裕县
浮图峪,涞源县
富县东,富平县
凤县,凤县
富县,延安
费县,费县
凤阳,滁州
汾阳,汾阳
扶余北,扶余
分宜,分宜县
富源,富源县
扶余,扶余
富裕,富裕县
抚州北,抚州
凤州,凤县
丰镇,丰镇
范镇,泰安
固安,固安县
广安,广安
高碑店,高碑店
沟帮子,北镇
甘草店,榆中县
谷城,谷城县
藁城,石家庄
高村,阳曲县
古城镇,林口县
广德,广德县
贵定,贵定县
贵定南,贵定县
古东,古交
贵港,贵港
官高,北京
葛根庙,科尔沁右翼前旗
干沟,通化县
甘谷,甘谷县
高各庄,北京
甘河,鄂伦春自治旗
根河,根河
郭家店,梨树县
孤家子,沈阳
古浪,古浪县
皋兰,皋兰县
高楼房,昆明
归流河,科尔沁右翼前旗
关林,洛阳
甘洛,甘洛县
郭磊庄,张家口
高密,高密
公庙子,乌拉特前旗
工农湖,乾安县
广宁寺南,大连
广南卫,昆明
高平,高平
甘泉北,甘泉县
共青城,共青城
甘旗卡,科尔沁左翼后旗
甘泉,甘泉县
高桥镇,葫芦岛
灌水,宽甸满族自治县
赶水,重庆
孤山口,北京
果松,通化县
高山子,北镇
嘎什甸子,奈曼旗
高台,高台县
高滩,紫阳县
古田,古田县
官厅,怀来县
官厅西,怀来县
贵溪,贵溪
涡阳,涡阳县
巩义,巩义
高邑,高邑县
巩义南,巩义
广元南,广元
固原,固原
菇园,通化
公营子,喀喇沁左翼蒙古族自治县
光泽,光泽县
古镇,中山
固镇,固镇县
虢镇,宝鸡
瓜州,瓜州县
高州,高州
盖州,盖州
官字井,扶余
冠豸山,连城县
盖州西,盖州
海安,南通
淮安南,淮安
红安,红安县
红安西,黄冈
黄柏,集安
海北,海伦
鹤壁,鹤壁
会昌北,会昌县
汉川,汉川
华城,梅州
河唇,廉江
海城,海城
合川,重庆
黑冲滩,古浪县
黄村,北京
海城西,海城
化德,化德县
洪洞,洪洞县
霍尔果斯,霍尔果斯
横峰,横峰县
韩府湾,海原县
汉沽,唐山
黄瓜园,元谋县
红光镇,成都
浑河,沈阳
红花沟,赤峰
黄花筒,奈曼旗
贺家店,武山县
和静,和静县
红江,元谋县
黑井,禄丰县
获嘉,获嘉县
河津,河津
涵江,莆田
华家,农安县
杭锦后旗,杭锦后旗
河间西,河间
花家庄,盘州
河口南,兰州
湖口,湖口县
黄口,萧县
呼兰,哈尔滨
葫芦岛北,葫芦岛
浩良河,伊春
哈拉海,农安县
鹤立,汤原县
桦林,牡丹江
黄陵,黄陵县
海林,海林
虎林,虎林
寒岭,辽阳县
和龙,和龙
海龙,梅河口
哈拉苏,扎兰屯
呼鲁斯太,阿拉善左旗
火连寨,本溪
黄梅,黄梅县
韩麻营,承德县
黄泥河,敦化
海宁,嘉兴
惠农,石嘴山
和平,河源
花棚子,攀枝花
花桥,昆山
宏庆,两当县
怀仁,怀仁县
华容,鄂州
华山北,华阴
黄松甸,蛟河
和什托洛盖,和布克赛尔蒙古自治县
红山,伊春
汉寿,汉寿县
衡山,衡阳
黑水,洮南
惠山,无锡
虎什哈,滦平县
红寺堡,吴忠
虎石台,沈阳
海石湾,兰州
衡山西,衡山县
红砂岘,白银
黑台,密山
桓台,桓台县
和田,和田
会同,怀化
海坨子,大安
黑旺,淄博
海湾,上海
红星,伊春
徽县,徽县
红兴隆,友谊县
换新天,富锦
红岘台,景泰县
红彦,莫力达瓦达斡尔族自治旗
海晏,海晏县
合阳,渭南
衡阳东,衡阳
华蓥,华蓥
汉阴,汉阴县
黄羊滩,永宁县
汉源,汉源县
河源,河源
花园,孝昌县
湟源,湟源县
黄羊镇,武威
湖州,湖州
化州,化州
黄州,黄冈
霍州,霍州
惠州西,惠州
巨宝,扶余
靖边,靖边县
金宝屯,科尔沁左翼后旗
晋城北,泽州县
金昌,永昌县
鄄城,鄄城县
交城,交城县
建昌,建昌县
峻德,鹤岗
井店,涉县
鸡东,鸡东县
江都,扬州
鸡冠山,凤城
金沟屯,滦平县
静海,天津
金河,根河
锦河,黑河
精河,精河县
精河南,精河县
江华,江华瑶族自治县
建湖,盐城
纪家沟,围场满族蒙古族自治县
晋江,晋江
锦界,神木
姜家,肇东
江津,重庆
金坑,本溪
芨岭,永昌县
金马村,昆明
江门东,江门
角美,龙海
莒南,莒南县
井南,井陉县
建瓯,建瓯
经棚,克什克腾旗
江桥,泰来县
九三,嫩江县
金山北,上海
建始,建始县
嘉善,嘉兴
京山,京山县
稷山,稷山县
吉舒,舒兰
建设,大安
甲山,承德县
建三江,富锦
嘉善南,嘉兴
金山屯,伊春
江所田,罗平县
景泰,景泰县
九台南,长春
吉文,鄂伦春自治旗
进贤,进贤县
莒县,莒县
嘉祥,嘉祥县
介休,介休
嘉兴,嘉兴
井陉,井陉县
嘉兴南,嘉兴
夹心子,大连
简阳,简阳
揭阳,揭阳
姜堰,泰州
建阳,南平
巨野,巨野县
江永,江永县
缙云,缙云县
靖远,靖远县
江源,白山
济源,济源
靖远西,靖远县
胶州北,胶州
焦作东,武陟县
金寨,金寨县
荆州,荆州
蓟州,天津
靖州,怀化
胶州,胶州
晋州,晋州
锦州南,开原
焦作,焦作
旧庄窝,怀来县
金杖子,喀喇沁左翼蒙古族自治县
开安,农安县
库车,库车县
康城,武安
库都尔,牙克石
宽甸,宽甸满族自治县
克东,克东县
昆都仑召,包头
开江,开江县
康金井,哈尔滨
喀喇其,鄂伦春自治旗
开鲁,开鲁县
克拉玛依,克拉玛依
开平南,开平
口前,永吉县
昆山,昆山
奎山,林口县
克山,克山县
康熙岭,钦州
昆阳,昆明
克一河,鄂伦春自治旗
开原西,开原
康庄,北京
来宾,来宾
老边,营口
灵宝西,灵宝
龙川,河源
乐昌,乐昌
黎城,黎城县
聊城,聊城
蓝村,青岛
两当,两当县
林东,巴林左旗
乐都,海东
梁底下,滦平县
六道河子,兴隆县
鲁番,盘州
廊坊,廊坊
落垡,廊坊
廊坊北,廊坊
老府,赤峰
兰岗,宁安
龙骨甸,禄丰县
芦沟,罗平县
龙沟,古浪县
拉古,海林
临海,临海
林海,大兴安岭
拉哈,讷河
凌海,凌海
柳河,柳河县
六合,南京
龙华,景县
滦河沿,滦平县
六合镇,讷河
亮甲店,大连
刘家店,榆树
刘家河,凤城
连江,连江县
庐江,庐江县
李家,北安
罗江,德阳
廉江,廉江
两家,大安
龙江,龙江县
龙嘉,长春
莲江口,佳木斯
蔺家楼,莱芜
李家坪,榆中县
兰考,兰考县
林口,林口县
路口铺,岳阳
老莱,讷河
拉林,五常
陆良,陆良县
龙里,惠水县
临澧,澧县
兰棱,哈尔滨
零陵,永州
卢龙,卢龙县
喇嘛甸,大庆
里木店,肇东
洛门,武山县
龙南,龙南县
梁平,重庆
罗平,罗平县
落坡岭,北京
六盘山,固原
乐平市,乐平
临清,临清
龙泉寺,永登县
乐山北,夹江县
乐善村,宜良县
冷水江东,娄底
连山关,本溪满族自治县
流水沟,滦平县
丽水,丽水
陵水,陵水黎族自治县
罗山,罗山县
鲁山,鲁山县
梁山,梁山县
灵石,灵石县
露水河,抚松县
庐山,庐山
林盛堡,沈阳
柳树屯,葫芦岛
龙山镇,南靖县
梨树镇,鸡西
李石寨,抚顺
黎塘,宾阳县
轮台,轮台县
芦台,天津
龙塘坝,禄丰县
濑湍,崇左
骆驼巷,榆中县
李旺,海原县
莱芜东,莱芜
狼尾山,肃南裕固族自治县
灵武,灵武
莱芜西,莱芜
朗乡,铁力
陇县,陇县
临湘,岳阳
芦溪,萍乡
莱西,莱西
林西,林西县
滦县,滦县
莱阳,莱阳
略阳,略阳县
辽阳,辽阳
凌源东,凌源
临沂东,临沂
连云港,连云港
临颍,临颍县
老营,白山
龙游,龙游县
罗源,罗源县
林源,大庆
涟源,娄底
涞源,涞源县
耒阳西,耒阳
临泽,临泽县
龙爪沟,宽甸满族自治县
雷州,湛江
六枝,六盘水
鹿寨,鹿寨县
来舟,南平
龙镇,五大连池
拉鲊,攀枝花
兰州新区,永登县
马鞍山,马鞍山
毛坝,宣汉县
毛坝关,紫阳县
麻城北,麻城
渑池,渑池县
明城,磐石
庙城,北京
渑池南,渑池县
茅草坪,水城县
猛洞河,湘西土家族苗族自治州
磨刀石,穆棱
弥渡,弥渡县
帽儿山,尚志
明港,信阳
梅河口,梅河口
马皇,钦州
孟家岗,桦南县
美兰,海口
汨罗东,汨罗
马莲河,宁安
茅岭,防城港
庙岭,汪清县
茂林,双辽
穆棱,穆棱
马林,赤峰
马龙,马龙县
木里图,通辽
汨罗,岳阳
玛纳斯湖,克拉玛依
冕宁,冕宁县
沐滂,祥云县
马桥河,穆棱
闽清,福州
民权,民权县
明水河,阿尔山
麻山,鸡西
眉山,眉山
漫水湾,凉山彝族自治州
茂舍祖,石林彝族自治县
米沙子,德惠
马踏,茂名
美溪,伊春
勉县,勉县
麻阳,怀化
密云北,北京
米易,米易县
麦园,龙岩
墨玉,墨玉县
庙庄,平凉
米脂,米脂县
明珠,珠海
宁安,宁安
农安,农安县
南博山,淄博
南仇,淄博
南城司,易县
宁村,南宁
宁德,宁德
南观村,北京
南宫东,南宫
南关岭,大连
宁国,宁国
宁海,宁海县
南华北,南华县
南河川,天水
泥河子,义县
宁家,科尔沁右翼前旗
南靖,南靖县
牛家,五常
能家,北票
南口,北京
南口前,清原满族自治县
南朗,中山
乃林,喀喇沁旗
尼勒克,尼勒克县
那罗,南宁
宁陵县,宁陵县
奈曼,奈曼旗
宁明,宁明县
南木,扎兰屯
南平南,南平
那铺,南宁
南桥,建昌县
那曲,那曲
暖泉,贺兰县
南台,海城
南头,中山
宁武,宁武县
南湾子,承德县
南翔北,上海
宁乡,宁乡
内乡,内乡县
牛心台,本溪满族自治县
南峪,井陉县
娘子关,平定县
南召,南召县
南杂木,新宾满族自治县
蓬安,蓬安县
平安,舒兰
平安驿,海东
磐安镇,甘谷县
平安镇,白城
蒲城东,蒲城县
蒲城,蒲城县
裴德,密山
偏店,涉县
坡底下,兰州
瓢儿屯,抚顺
平房,哈尔滨
平岗,东丰县
平果,平果县
平关,盘州
盘关,盘州
徘徊北,武安
平河口,曲靖
平湖,深圳
盘锦北,盘山县
潘家店,兴隆县
皮口南,大连
普兰店,大连
偏岭,本溪满族自治县
平山,哈尔滨
彭山,眉山
皮山,皮山县
磐石,磐石
平社,忻州
彭水,彭水苗族土家族自治县
平台,白城
平田,盘州
莆田,莆田
葡萄菁,威宁彝族回族苗族自治县
普湾,大连
平旺,大同
平型关,灵丘县
普雄,越西县
蓬溪,蓬溪县
郫县,成都
平阳,平阳县
平洋,泰来县
彭阳,彭阳县
平遥,平遥县
平邑,平邑县
平原堡,张掖
平原,平原县
平峪,北京
彭泽,彭泽县
邳州,邳州
平庄,赤峰
泡子,阜新蒙古族自治县
平庄南,喀喇沁旗
乾安,扶余
庆安,庆安县
迁安,迁安
祁东北,祁东县
七甸,昆明
曲阜东,曲阜
庆丰,长岭县
奇峰塔,易县
曲阜,曲阜
琼海,琼海
秦皇岛,秦皇岛
千河,宝鸡
清河,北京
清河门,阜新
清华园,北京
全椒,全椒县
潜江,潜江
渠旧,扶绥县
秦家,绥化
綦江,重庆
祁家堡,本溪满族自治县
清涧县,清涧县
秦家庄,岢岚县
七里河,义县
秦岭,凤县
渠黎,扶绥县
青龙,鸡西
青龙山,淮北
祁门,祁门县
前磨头,深州
青山,林口县
确山,驻马店
前山,珠海
清水,酒泉
戚墅堰,常州
青田,青田县
桥头,本溪
青铜峡,青铜峡
前卫,绥中县
前苇塘,兴隆县
渠县,渠县
祁县,祁县
青县,青县
桥西,嘉峪关
清徐,清徐县
旗下营,卓资县
千阳,千阳县
沁阳,沁阳
泉阳,抚松县
祁阳北,祁阳县
七营,海原县
庆阳山,阿拉善左旗
清远,清远
清原,清原满族自治县
钦州东,钦州
钦州,钦州
青州市,青州
瑞安,温州
荣昌,重庆
瑞昌,瑞昌
如皋,如皋
容桂,佛山
任丘,任丘
乳山,乳山
融水,融水苗族自治县
热水,赤峰
容县,容县
饶阳,饶阳县
汝阳,汝阳县
绕阳河,黑山县
汝州,汝州
石坝,同心县
上板城,承德
施秉,施秉县
上板城南,承德
世博园,沈阳
双城北,哈尔滨
舒城,舒城县
商城,商城县
莎车,莎车县
顺昌,顺昌县
神池,忻州
沙城,怀来县
石城,凤城
山城镇,梅河口
山丹,山丹县
顺德,佛山
绥德,绥德县
水洞,通化
商都,商都县
十渡,北京
四道湾,敖汉旗
顺德学院,佛山
绅坊,温州
双丰,铁力
四方台,绥化
水富,水富县
三关口,固原
桑根达来,正蓝旗
韶关,韶关
上高镇,泰安
上杭,上杭县
沙海,建平县
蜀河,旬阳县
松河,盘州
沙河,沙河
沙河口,大连
赛汗塔拉,苏尼特右旗
沙河市,沙河
沙后所,兴城
山河屯,五常
三河县,三河
四合永,围场满族蒙古族自治县
三汇镇,渠县
双河镇,永吉县
石河子,石河子
三合庄,北京
三家店,北京
水家湖,长丰县
沈家河,固原
松江河,抚松县
尚家,肇东
孙家,哈尔滨
沈家,哈尔滨
双吉,吉林
松江,上海
三江口,昌图县
司家岭,莱芜
松江南,上海
石景山南,北京
邵家堂,皋兰县
三江县,三江侗族自治县
三家寨,水城县
十家子,阜新蒙古族自治县
松江镇,安图县
施家嘴,宜良县
深井子,沈阳
什里店,武安
疏勒,疏勒县
疏勒河,瓜州县
舍力虎,奈曼旗
石磷,鸡西
石林,石林彝族自治县
双辽,双辽
绥棱,绥棱县
石岭,梨树县
石林南,石林彝族自治县
石龙,东莞
萨拉齐,土默特右旗
索伦,科尔沁右翼前旗
商洛,商洛
沙岭子,张家口
石门县北,石门县
三门峡南,三门峡
三门县,三门县
石门县,邵阳
三门峡西,三门峡
肃宁,肃宁县
宋,肇东
双牌,双牌县
沙坪坝,重庆
四平东,四平
遂平,驻马店
沙坡头,中卫
沙桥,南华县
商丘南,商丘
水泉,凌源
石泉县,石泉县
石桥子,本溪
石人城,哈尔滨
石人,白山
山市,海林
神树,铁力
鄯善,鄯善县
三水,佛山
泗水,泗水县
石山,凌海
松树,瓦房店
首山,辽阳县
三十家,凌源
三十里堡,大连
双水镇,江门
松树镇,白山
松桃,松桃苗族自治县
索图罕,鄂伦春自治旗
三堂集,太和县
石头,宁安
神头,朔州
沙沱,盘州
上万,北京
孙吴,孙吴县
沙湾县,沙湾县
歙县,歙县
遂溪,遂溪县
沙县,沙县
绍兴,绍兴
石岘,图们
上西铺,盘州
石峡子,古浪县
沭阳,沭阳县
绥阳,东宁
寿阳,寿阳县
水洋,黎城县
三阳川,天水
上腰墩,武威
三营,固原
顺义,北京
三义井,敖汉旗
三源浦,柳河县
上虞,绍兴
三原,三原县
上园,北票
水源,皋兰县
桑园子,榆中县
绥中北,绥中县
苏州北,苏州
宿州东,宿州
深圳东,深圳
深州,深州
孙镇,蒲城县
绥中,绥中县
尚志,尚志
师庄,攀枝花
松滋,松滋
师宗,师宗县
苏州园区,苏州
苏州新区,苏州
泰安,泰安
台安,台安县
通安驿,陇西县
桐柏,桐柏县
通北,北安
桐城,桐城
汤池,泰来县
郯城,郯城县
铁厂,通化
桃村,栖霞
通道,怀化
田东,百色
天岗,蛟河
土贵乌拉,察哈尔右翼前旗
通沟,柳河县
太谷,太谷县
塔哈,富裕县
棠海,禄丰县
唐河,唐河县
泰和,泰和县
太湖,太湖县
团结,讷河
谭家井,古浪县
陶家屯,公主岭
唐家湾,珠海
统军庄,北京
吐列毛杜,科尔沁右翼中旗
图里河,牙克石
铜陵,铜陵
田林,田林县
亭亮,宁明县
铁力,铁力
铁岭西,铁岭县
图们北,图们
天门,天门
天门南,天门
太姥山,福鼎
土牧尔台,察哈尔右翼后旗
土门子,古浪县
洮南,洮南
潼南,重庆
太平川,扶余
太平镇,集贤县
图强,漠河县
台前,台前县
天桥岭,汪清县
土桥子,海原县
汤山城,丹东
台山,台山
桃山,铁力
塔石嘴,禄丰县
通途,前郭尔罗斯蒙古族自治县
汤旺河,伊春
同心,同心县
土溪,渠县
桐乡,嘉兴
田阳,田阳县
天义,宁城县
汤阴,汤阴县
驼腰岭,柳河县
太阳山,吴忠
通榆,通榆县
汤原,汤原县
塔崖驿,涞源县
滕州东,滕州
台州,台州
天祝,天祝藏族自治县
滕州,滕州
天镇,天镇县
桐子林,盐边县
天柱山,潜山县
文安,文安县
武安,武安
王安镇,涞源县
吴堡,吴堡县
旺苍,广元
五叉沟,阿尔山
文昌,文昌
温春,牡丹江
五大连池,五大连池
文登,威海
五道沟,柳河县
五道河,滦平县
文地,博白县
卫东,科尔沁右翼前旗
武当山,丹江口
望都,望都县
乌尔旗汗,牙克石
潍坊,潍坊
万发屯,绥化
王府,扶余
瓦房店西,瓦房店
王岗,哈尔滨
武功,武功县
湾沟,白山
吴官田,马龙县
乌海,乌海
苇河,尚志
卫辉,卫辉
吴家川,靖远县
五家,哈尔滨
威箐,盘州
午汲,武安
渭津,东丰县
王家湾,榆中县
倭肯,勃利县
五棵树,榆树
五龙背,丹东
乌兰哈达,察哈尔右翼后旗
万乐,哈尔滨
瓦拉干,塔河县
温岭,温岭
五莲,五莲县
乌拉特前旗,乌拉特前旗
乌拉山,乌拉特前旗
卧里屯,大庆
渭南北,渭南
乌奴耳,牙克石
万宁,万宁
万年,万年县
渭南南,渭南
渭南镇,天水
沃皮,德惠
吴桥,吴桥县
汪清,汪清县
武清,天津
武山,武山县
文水,文水县
魏善庄,北京
王瞳,景县
五台山,繁峙县
王团庄,同心县
五五,克拉玛依
无锡东,无锡
卫星,虎林
闻喜,闻喜县
武乡,武乡县
无锡新区,无锡
武穴,武穴
吴圩,南宁
王杨,铁力
武义,武义县
五营,伊春
瓦窑田,盘州
五原,五原县
苇子沟,图们
韦庄,澄城县
五寨,五寨县
王兆屯,哈尔滨
微子镇,潞城
魏杖子,凌源
新安,师宗县
兴安,桂林
新安县,新安县
新保安,怀来县
下板城,承德县
西八里,怀来县
宣城,宣城
兴城,兴城
小村,牟定县
新绰源,牙克石
下城子,穆棱
新城子,沈阳
喜德,木里藏族自治县
小得江,罗平县
西大庙,承德
小董,钦州
小东,黑山县
香坊,哈尔滨
信丰,信丰县
襄汾,襄汾县
息烽,息烽县
新干,新干县
轩岗,原平
孝感,孝感
西固城,兰州
兴国,兴国县
西固,兰州
夏官营,榆中县
西岗子,黑河
宣汉,宣汉县
襄河,五大连池
新和,新和县
宣和,中卫
斜河涧,北京
新华屯,大庆
新会,江门
新华,鹤岗
新晃,新晃侗族自治县
新化,娄底
宣化,张家口
兴和西,兴和县
小河沿,敖汉旗
下花园,张家口
小河镇,旬阳县
徐家店,海阳
徐家,哈尔滨
峡江,峡江县
新绛,新绛县
辛集,辛集
新江,攀枝花
西街口,石林彝族自治县
许家屯,瓦房店
许家台,榆中县
谢家镇,榆树
兴凯,密山
小榄,中山
香兰,汤原县
兴隆店,新民
新乐,新乐
新林,大兴安岭
小岭,哈尔滨
新李,平凉
西林,伊春
西柳,海城
仙林,南京
新立屯,黑山县
兴隆县,兴隆县
兴隆镇,巴彦县
新立镇,榆树
新民,新民
西麻山,鸡西
下马塘,本溪
孝南,孝义
咸宁北,咸宁
兴宁,梅州
咸宁,咸宁
犀浦东,成都
西平,驻马店
兴平,兴平
新坪田,兴义
霞浦,霞浦县
溆浦,怀化
犀浦,成都
新青,伊春
新邱,阜新
兴泉堡,景泰县
仙人桥,抚松县
小寺沟,平泉
杏树,勃利县
浠水,浠水县
下社,代县
小市,本溪满族自治县
徐水,保定
夏石,凭祥
小哨,昆明
秀山,秀山土家族苗族自治县
新松浦,哈尔滨
杏树屯,大连
许三湾,高台县
湘潭,湘潭
邢台,邢台
向塘,南昌县
仙桃西,仙桃
下台子,兴隆县
徐闻,湛江
新窝铺,敖汉旗
修武,焦作
新县,新县
息县,息县
西乡,西乡县
湘乡,湘潭
西峡,西峡县
孝西,孝义
小新街,嵩明县
新兴县,新兴县
西小召,乌拉特前旗
小西庄,涞源县
向阳,林口县
旬阳,旬阳县
旬阳北,旬阳县
襄阳东,襄阳
兴业,兴业县
小雨谷,盘州
新沂,新沂
兴义,兴义
信宜,信宜
小月旧,元谋县
小扬气,大兴安岭
襄垣,襄垣县
夏邑县,夏邑县
祥云西,祥云县
新友谊,友谊县
新阳镇,天水
徐州东,徐州
新帐房,牙克石
悬钟,涉县
新肇,肇源县
忻州,忻州
汐子,宁城县
西哲里木,科尔沁右翼中旗
新杖子,承德县
姚安,姚安县
依安,依安县
永安,永安
永安乡,鸡东县
亚布力,尚志
元宝山,赤峰
羊草,安达
秧草地,师宗县
阳澄湖,昆山
迎春,虎林
叶城,叶城县
盐池,盐池县
砚川,商洛
阳春,阳江
宜城,宜城
应城,应城
禹城,禹城
晏城,齐河县
阳城,阳城县
阳岔,集安
郓城,郓城县
雁翅,北京
云彩岭,灵丘县
虞城县,虞城县
营城子,大连
英德,英德
永登,永登县
尹地,元谋县
永定,龙岩
阳东,阳江
雁荡山,温州
于都,于都县
园墩,古浪县
英德西,英德
永丰营,宜良县
杨岗,虎林
阳高,阳高县
阳谷,阳谷县
友好,伊春
余杭,杭州
沿河城,北京
岩会,平定县
羊臼河,牟定县
永嘉,温州
阳江,阳江
营街,水城县
盐津,盐津县
余江,余江县
燕郊,三河
姚家,德惠
岳家井,阿拉善左旗
一间堡,长春
英吉沙,英吉沙县
云居寺,北京
燕家庄,泰安
永康,永康
营口东,营口
银浪,大庆
永郎,德昌县
宜良北,宜良县
永乐店,泾阳县
伊拉哈,嫩江县
伊林,穆棱
杨陵,西安
彝良,彝良县
杨林,嵩明县
余粮堡,通辽
杨柳青,天津
月亮田,盘州
义马,义马
阳明堡,代县
玉门,玉门
云梦,云梦县
元谋,元谋县
一面山,凤城
沂南,沂南县
宜耐,石林彝族自治县
伊宁东,伊宁县
营盘水,中卫
羊堡,昆明
阳泉北,盂县
乐清,温州
焉耆,焉耆回族自治县
源迁,淄博
姚千户屯,沈阳
阳曲,阳曲县
榆树沟,承德县
月山,博爱县
玉石,永昌县
玉舍,水城县
偃师,偃师
沂水,沂水县
榆社,榆社县
颍上,颍上县
窑上,滦平县
元氏,元氏县
杨树岭,平泉
野三坡,涞水县
榆树屯,齐齐哈尔
榆树台,沈阳
鹰手营子,承德
源潭,清远
牙屯堡,通道侗族自治县
烟筒山,磐石
烟筒屯,杜尔伯特蒙古族自治县
羊尾哨,富源县
阳西,阳西县
越西,越西县
攸县,株洲
永修,永修县
玉溪西,玉溪
弋阳,弋阳县
余姚,余姚市
酉阳,酉阳土家族苗族自治县
岳阳东,岳阳
阳邑,武安
鸭园,通化
鸳鸯镇,武山县
燕子砭,宁强县
仪征,仪征
宜州,河池
兖州,济宁
迤资,攀枝花
羊者窝,罗平县
杨杖子,凌源
镇安,镇安县
治安,奈曼旗
招柏,灵丘县
张百湾,滦平县
中川机场,永登县
枝城,宜都
子长,子长县
诸城,诸城
邹城,邹城
赵城,洪洞县
章党,抚顺
正定,正定县
肇东,肇东
照福铺,马龙县
章古台,彰武县
赵光,北安
中和,富裕县
中华门,南京
枝江北,枝江
钟家村,蒲城县
朱家沟,林口县
紫荆关,易县
周家,哈尔滨
诸暨,诸暨
镇江南,镇江
周家屯,义县
褚家湾,海原县
湛江西,湛江
朱家窑,皋兰县
曾家坪子,大关县
张兰,介休
镇赉,镇赉县
枣林,代县
扎鲁特,霍林郭勒
扎赉诺尔西,满洲里
樟木头,东莞
中牟,中牟县
中宁东,中宁县
中宁,中宁县
中宁南,中宁县
镇平,镇平县
漳平,漳平
泽普,泽普县
枣强,枣强县
张桥,富平县
章丘,济南
朱日和,苏尼特右旗
泽润里,禄丰县
中山北,中山
樟树东,樟树
珠斯花,霍林郭勒
中山,中山
柞水,柞水县
钟山,贺州
樟树,樟树
珠窝,北京
张维屯,绥化
彰武,彰武县
棕溪,旬阳县
钟祥,钟祥
资溪,资溪县
镇西,白城
张辛,北京
正镶白旗,正镶白旗
紫阳,紫阳县
枣阳,枣阳
竹园坝,青川县
张掖,张掖
镇远,镇远县
漳州东,漳州
漳州,龙海
壮志,大庆
子洲,子洲县
中寨,师宗县
涿州,涿州
咋子,白山
卓资山,卓资县
株洲西,株洲
郑州西,荥阳
阿巴嘎旗,阿巴嘎旗
阿城北,哈尔滨
阿尔山北,阿尔山
安江东,洪江
阿勒泰,阿勒泰
安仁,安仁县
安顺西,安顺
安图西,安图县
安阳东,安阳县
博白,博白县
八步,织金县
栟茶,如东县
保定东,保定
八方山,长沙
白沟,雄县
滨海,天津
滨海北,天津
滨海港,滨海县
滨海西,天津
宝鸡南,宝鸡
北井子,克什克腾旗
八里甸子,桓仁满族自治县
白马井,儋州
北票,北票
宝清,宝清县
璧山,重庆
白沙铺,阳新县
白水县,渭南
板塘,湘潭
白文东,临县
宾西北,宾县
本溪新城,本溪
步行街,成都
宾阳,宾阳县
白洋淀,容城县
百宜,贵阳
白音华南,西乌珠穆沁旗
巴中东,巴中
彬州,咸阳
滨州,滨州
宾州,宾县
霸州西,霸州
澄城,澄城县
承德县北,承德县
承德南,承德
成都西,成都
曹妃甸东,唐山
曹妃甸港,唐山
城固北,城固县
查干湖,前郭尔罗斯蒙古族自治县
巢湖东,巢湖
从江,从江县
蔡家崖,兴县
茶卡,乌兰县
长临河,肥东县
长流,海口
茶陵南,茶陵县
常平东,东莞
常平南,东莞
长庆桥,宁县
长寿北,重庆
长寿湖,重庆
常山,常山县
潮汕,潮州
长沙西,长沙
朝天,广元
长汀南,长汀县
长武,长武县
长兴,长兴县
苍溪,苍溪县
楚雄,楚雄彝族自治州
城西,海口
朝阳,朝阳
长阳,长阳土家族自治县
潮阳,汕头
朝阳湖,蒲江县
崇州,崇州
城子坦,大连
东安东,东安县
德保,德保县
都昌,都昌县
东岔,天水
东城南,东莞
东戴河,绥中县
丹东西,丹东
东二道河,抚远
大丰,株洲
大方南,大方县
东港北,东港
大孤山,东港
东莞,东莞
鼎湖东,肇庆
鼎湖山,肇庆
道滘,东莞
垫江,垫江县
洞井,长沙
董家口,青岛
大苴,姚安县
洞口,洞口县
达连河,依兰县
大荔,大荔县
大朗镇,东莞
得莫利,方正县
大青沟,科尔沁左翼后旗
德清,德清县
东胜东,鄂尔多斯
砀山南,砀山县
大石头南,敦化
当涂东,当涂县
大通西,大通回族土族自治县
大旺,四会
定西北,定西
德兴东,德兴
德兴,德兴
丹霞山,仁化县
大阳,本溪满族自治县
大冶北,大冶
都匀东,都匀
大邑,大邑县
东营南,东营
大余,大余县
定州东,定州
端州,肇庆
大足南,重庆
额敏,额敏县
峨眉山,峨眉山
阿房宫,西安
鄂州东,鄂州
防城港北,防城港
凤城东,凤城
富川,富川瑶族自治县
繁昌西,繁昌县
丰都,丰都县
涪陵北,重庆
枫林,阳新县
阜宁东,阜宁县
富宁,富宁县
佛坪,佛坪县
法启,大方县
芙蓉南,长沙
复盛,重庆
抚松,抚松县
佛山西,佛山
福山镇,澄迈县
福田,深圳
阜新,阜新
富阳,杭州
富源北,富源县
抚远,抚远
抚州东,抚州
抚州,抚州
方正,方正县
高安,高安
广安南,广安
贵安,贵阳
高碑店东,高碑店
古北口,北京
恭城,恭城瑶族自治县
藁城南,石家庄
贵定北,贵定县
葛店南,鄂州
贵定县,贵定县
广汉北,广汉
高花,沈阳
革居,兴义
高楞,方正县
关岭,关岭布依族苗族自治县
桂林西,灵川县
高密北,高密
光明城,深圳
广宁,广宁县
广宁寺,大连
广南县,广南县
桂平,桂平
弓棚子,扶余
赶水东,重庆
光山,光山县
谷山,长沙
观沙岭,长沙
古田北,古田县
广通北,禄丰县
高台南,高台县
古田会址,上杭县
贵阳北,贵阳
贵阳东,贵阳
赣榆,连云港
高邑西,高邑县
惠安,惠安县
淮北北,淮北
鹤壁东,鹤壁
花博山,淄博
寒葱沟,抚远
霍城,霍城县
珲春,珲春
横道河子东,海林
邯郸东,邯郸
惠东,惠东县
哈达铺,宕昌县
洪洞西,洪洞县
海东西,海东
哈尔滨北,哈尔滨
合肥北城,长丰县
合肥南,合肥
黄冈,黄冈
黄冈东,黄冈
横沟桥东,咸宁
黄冈西,黄冈
洪河,抚远
怀化南,怀化
黄河景区,郑州
惠环,惠州
花湖,鄂州
后湖,武汉
怀集,怀集县
河口北,河口瑶族自治县
宏克力,依兰县
海林北,海林
黄流,乐东黎族自治县
黄陵南,黄陵县
鲘门,海丰县
海门,海门
虎门,东莞
侯马西,侯马
衡南,衡南县
淮南东,淮南
合浦,合浦县
霍邱,霍邱县
怀仁东,怀仁县
华容东,鄂州
华容南,鄂州
黑山北,黑山县
衡水北,衡水
黄山北,黄山
黄石北,黄石
贺胜桥东,咸宁
和硕,和硕县
花山南,武汉
黑山寺,北京
荷塘,湘潭
黄土店,北京
海阳北,海阳
合阳北,合阳县
槐荫,孝感
鄠邑,西安
花园口,庄河
霍州东,霍州
惠州南,惠州
建安,东丰县
泾川,泾川县
碱厂,本溪满族自治县
景德镇北,景德镇
旌德,旌德县
建德,建德
尖峰,乐东黎族自治县
近海,沈阳
蛟河西,蛟河
军粮城北,天津
将乐,将乐县
贾鲁河,郑州
九郎山,株洲
即墨北,青岛
剑门关,剑阁县
佳木斯西,佳木斯
建宁县北,建宁县
济南东,济南
江宁,南京
江宁西,南京
建瓯西,建瓯
酒泉南,酒泉
句容西,句容
建水,建水县
尖山,长沙
界首市,界首
绩溪北,绩溪县
介休东,介休
泾县,泾县
靖西,靖西
进贤南,进贤县
江油北,江油
简阳南,简阳
嘉峪关南,嘉峪关
金银潭,武汉
靖宇,靖宇县
金月湾,东方
缙云西,缙云县
景州,景县
晋中,晋中
开封北,开封
开福寺,长沙
开化,开化县
凯里南,凯里
库伦,库伦旗
昆明南,昆明
葵潭,惠来县
开阳,开阳县
昆玉,昆玉市
喀左,喀喇沁左翼蒙古族自治县
隆安东,隆安县
来宾北,来宾
灵璧,灵璧县
寮步,东莞
绿博园,中牟县
隆昌北,隆昌
乐昌东,乐昌
临城,临城县
罗城,罗城仫佬族自治县
陵城,德州
老城镇,澄迈县
龙洞堡,贵阳
乐都南,海东
娄底南,娄底
乐东,乐东黎族自治县
离堆公园,都江堰
娄烦,娄烦县
陆丰,陆丰
龙丰,惠州
禄丰南,禄丰县
临汾西,临汾
临高南,临高县
麓谷,长沙
滦河,迁安
珞璜南,重庆
隆回,隆回县
漯河西,漯河
罗江东,德阳
柳江,柳州
利津南,利津县
兰考南,兰考县
龙口市,龙口
龙里北,龙里县
兰陵北,兰陵县
沥林北,惠州
醴陵东,醴陵
陇南,陇南
梁平南,重庆
龙桥,庐江县
礼泉,礼泉县
灵石东,灵石县
乐山,夹江县
龙市,井冈山
溧水,南京
娄山关南,遵义
岚山西,日照
洛湾三江,贵阳
莱西北,莱西
岚县,岚县
溧阳,溧阳
临邑,临邑县
柳园南,瓜州县
鹿寨北,鹿寨县
临淄北,淄博
阆中,阆中
临泽南,临泽县
马鞍山东,马鞍山
毛陈,孝感
帽儿山西,尚志
明港东,信阳
民和南,民和回族土族自治县
闵集,孝感
马兰,木垒哈萨克自治县
民乐,民乐县
弥勒,弥勒
玛纳斯,玛纳斯县
牟平,烟台
闽清北,闽清县
民权北,民权县
眉山东,眉山
名山,雅安
庙山,武汉
岷县,岷县
门源,门源回族自治县
暮云,长沙
蒙自北,蒙自
孟庄,定州
蒙自,蒙自
南部,南部县
南曹,郑州
南充北,南充
南城,南城县
南昌西,南昌
宁东南,灵武
宁东,灵武
南芬北,本溪
南丰,南丰县
南湖东,武汉
牛河梁,凌源
南华,楚雄彝族自治州
内江北,内江
南江,南江县
南江口,郁南县
奈林皋,朝阳县
南陵,南陵县
尼木,尼木县
南宁东,南宁
南宁西,南宁
南平北,南平
南堡北,唐山
宁强南,宁强县
泥溪,宜宾
南雄,南雄
纳雍,纳雍县
南阳寨,郑州
普安,武汉
普安县,普安县
屏边,屏边苗族自治县
平坝南,安顺
平昌,平昌县
普定,安顺
平度,平度
蒲江,浦江县
皮口,大连
盘龙城,武汉
蓬莱市,蓬莱
普宁,普宁
平南南,平南县
平泉北,平泉
彭山北,眉山
屏山,宜宾
盘山,盘锦
坪上,莒南县
萍乡北,上栗县
鄱阳,鄱阳县
濮阳,濮阳
平遥古城,平遥县
平原东,平原县
普者黑,丘北县
盘州,盘州
彭州,彭州
彭州南,成都
秦安,秦安县
青白江东,成都
青川,青川县
青岛北,青岛
千岛湖,淳安县
祁东,祁东县
启东,启东
青堆,庄河
青岛西,青岛
前锋,抚远
清河门北,阜新蒙古族自治县
齐河,齐河县
曲靖北,曲靖
綦江东,重庆
曲江,建水县
邛崃,邛崃
青莲,江油
齐齐哈尔南,齐齐哈尔
清水北,酒泉
青神,青神县
岐山,岐山县
庆盛,广州
清水县,清水县
曲水县,曲水县
犍为,乐山
祁县东,祁县
乾县,乾县
旗下营南,卓资县
祁阳,祁阳县
青州市北,青州
乔庄东,北京
全州南,全州县
棋子湾,昌江黎族自治县
仁布,仁布县
荣昌北,重庆
荣成,荣成
瑞昌西,瑞昌
如东,如东县
榕江,榕江县
日喀则,日喀则
饶平,饶平县
日照西,日照
宋城路,开封
三道湖,抚松县
邵东,邵阳
三都县,三都水族自治县
胜芳,霸州
双峰北,双峰县
商河,商河县
泗洪,泗洪县
四会,四会
石家庄东,石家庄
三江南,三江侗族自治县
三井子,扶余
四棵树,乌苏
双流机场,成都
双龙湖,方正县
石林西,石林彝族自治县
双流西,成都
胜利镇,宾县
三明北,沙县
三明,三明
嵩明,嵩明县
树木岭,长沙
神木,神木
苏尼特左旗,苏尼特左旗
山坡东,咸宁
石桥,临颍县
沈丘,沈丘县
鄯善北,鄯善县
狮山北,佛山
三水北,佛山
松山湖北,东莞
狮山,佛山
三水南,佛山
韶山南,韶山
三穗,三穗县
石梯,达州
汕尾,汕尾
歙县北,歙县
绍兴北,绍兴
绍兴东,绍兴
泗县,泗县
始兴,始兴县
双洋,漳平
泗阳,泗阳县
三阳,歙县
射阳,射阳县
双阳,长春
邵阳北,新邵县
松原北,松原
山阴,山阴县
邵阳西,邵阳县
沈阳西,沈阳
深圳北,深圳
神州,万宁
尚志南,尚志
深圳坪山,深圳
石嘴山,石嘴山
石柱县,石柱土家族自治县
台安南,台安县
桃村北,栖霞
铁厂沟,托里县
塔城,塔城
铁刹山,本溪满族自治县
田东北,田东县
土地堂东,咸宁
太谷西,太谷县
吐哈,鄯善县
通海,通海县
太和北,太和县
天河机场,武汉
天河街,武汉
唐海南,唐山
通化县,通化县
同江,同江
托克托东,托克托县
吐鲁番北,吐鲁番
铜陵北,铜陵
桐庐,桐庐县
泰宁,泰宁县
铜仁南,铜仁
天水南,天水
通渭,通渭县
田心东,株洲
汤逊湖,武汉
藤县,藤县
太原南,太原
通远堡西,凤城
桐梓北,桐梓县
桐梓东,桐梓县
通州,北京
吴川,吴川
文登东,威海
潍坊北,潍坊
五府山,上饶县
威虎岭北,敦化
威海北,威海
苇河西,尚志
温江,成都
魏家泉,米泉
乌兰察布,察哈尔右翼前旗
五龙背东,丹东
乌龙泉南,武汉
乌兰木图,阜新
五女山,本溪满族自治县
武胜,武胜县
乌苏,乌苏
五通,桂林
无为,无为县
无为南,无为县
瓦屋山,溧阳
闻喜西,闻喜县
武义北,武义县
武夷山北,武夷山
武夷山东,南平
婺源,婺源县
渭源,渭源县
万州北,重庆
武陟,武陟县
梧州南,梧州
兴安北,兴安县
许昌东,许昌
项城,项城
新都东,成都
西渡,衡阳县
西丰,西丰县
先锋,长沙
湘府路,长沙
襄汾西,襄汾县
孝感北,大悟县
孝感东,孝感
夏格庄,莱西
西湖东,惠州
新化南,新化县
新晃西,新晃侗族自治县
新津,新津县
小金口,惠州
辛集南,辛集
新津南,新津县
西来,蒲江县
新民北,新民
咸宁东,咸宁
咸宁南,咸宁
溆浦南,溆浦县
西平西,东莞
响水县,响水县
湘潭北,湘潭
邢台东,邢台县
西乌旗,西乌珠穆沁旗
修武西,修武县
修文县,修文县
萧县北,萧县
新香坊北,哈尔滨
新乡东,新乡
新余北,新余
西阳村,高平
信阳东,罗山县
咸阳秦都,咸阳
秀英,海口
仙游,仙游县
祥云,祥云县
新郑机场,新郑
香樟路,长沙
忻州西,忻州
雅安,雅安
永安南,永安
迎宾路,都江堰
亚布力西,尚志
宜宾西,宜宾
永城北,永城
盐城北,盐城
运城北,运城
永川东,重庆
禹城东,禹城
宜春,宜春
岳池,岳池县
云东海,佛山
姚渡,青川县
云浮东,云浮
永福南,永福县
雨格,盘州
洋河,宿迁
永济北,永济
弋江,芜湖
延吉西,延吉
永康南,永康
依兰,依兰县
运粮河,开封
炎陵,炎陵县
杨陵南,咸阳
羊马,崇州
一面坡北,尚志
伊敏,鄂温克族自治旗
郁南,郁南县
云南驿,祥云县
银瓶,东莞
延平西,南平
原平西,原平
雁栖湖,北京
杨桥,邵东县
阳曲西,阳曲县
阳朔,阳朔县
永寿,永寿县
云山,惠州
玉山南,玉山县
雁石南,龙岩
永泰,永泰县
银滩,儋州
鹰潭北,贵溪
烟台南,烟台
伊通,伊通满族自治县
烟台西,烟台
尤溪,尤溪县
云霄,云霄县
宜兴,宜兴
玉溪,玉溪
应县,应县
阳信,阳信县
攸县南,攸县
洋县西,洋县
义县西,义县
余姚北,余姚市
榆中,榆中县
诏安,诏安县
淄博北,淄博
正定机场,正定县
准东,吉木萨尔县
纸坊东,武汉
准格尔,准格尔旗
庄河北,庄河
昭化,广元
织金北,织金县
张家川,张家川回族自治县
芷江,芷江侗族自治县
织金,织金县
张家口南,张家口
仲恺,惠州
曾口,巴中
珠琳,广南县
左岭,武汉
樟木头东,东莞
驻马店西,驻马店
邹平,滨州
漳浦,漳浦县
漳平西,漳平
章丘北,济南
肇庆东,肇庆
庄桥,宁波
昭山,湘潭
钟山西,钟山县
朱砂古镇,铜仁
漳县,漳县
资阳北,资阳
遵义,遵义
遵义南,遵义
张掖西,张掖
资中北,资中县
涿州东,涿州
枣庄东,枣庄
卓资东,卓资县
郑州东,郑州
株洲南,株洲
